uq_metric,error_metric,pearson_r,pearson_p,spearman_rho,spearman_p,kendall_tau,kendall_p,n_frames
uq_qbc_for,force_error_max,0.7162114767782873,0.0,0.7693770603375252,0.0,0.5765459280264646,0.0,27656
uq_qbc_for,force_error_rms,0.6662129331755905,0.0,0.7338436839679869,0.0,0.5433150213849757,0.0,27656
uq_rnd_for,force_error_max,0.743308029110866,0.0,0.7800586673908505,0.0,0.5873342912148409,0.0,27656
uq_rnd_for,force_error_rms,0.7001778565345804,0.0,0.736516140025473,0.0,0.5458707010587025,0.0,27656
uq_rnd_rescaled,force_error_max,0.7433080291108661,0.0,0.7800586673908505,0.0,0.5873342912148409,0.0,27656
uq_rnd_rescaled,force_error_rms,0.7001778565345806,0.0,0.736516140025473,0.0,0.5458707010587025,0.0,27656
uq_llpr_energy_per_atom,energy_error_per_atom_abs,0.1329511147040616,2.9040100342335516e-109,0.1252844026359426,3.7950102405986886e-97,0.08293986815418102,4.428180368380541e-95,27656
uq_dpose_energy_ensemble_std_per_atom,energy_error_per_atom_abs,0.11789913827898155,3.566789851606283e-86,0.12386954756838321,5.4244221845468486e-95,0.08161900942053957,3.888593569597058e-92,27656
uq_llpr_energy_per_atom,force_error_max,-0.10979488529263834,6.451795852318245e-75,-0.39709680940915904,0.0,-0.2658948508438539,0.0,27656
uq_dpose_energy_ensemble_std_per_atom,force_error_max,-0.11763421444356742,8.574741690855648e-86,-0.38756568000108343,0.0,-0.26516622040434046,0.0,27656
