{
  "threshold_source": "auto-derived",
  "qbc_lo": 0.12012012012012012,
  "qbc_hi": 0.37012012012012013,
  "rnd_lo": 0.12012012012012012,
  "rnd_hi": 0.37012012012012013,
  "ratio": 0.33,
  "width": 0.25
}