{
  "model": "mace_medium",
  "uq_source": "dpa4_mini",
  "candidate_count": 22605,
  "training_descriptor_count": 12105,
  "descriptor_dim": 256,
  "direct_n_clusters": 2000,
  "direct_k": 1,
  "direct_thr_init": 0.03,
  "effective_birch_threshold": 0.2966902629407352,
  "birch_clusters": 765,
  "selected_frames": 142,
  "selected_systems": 113,
  "sample_rate": 0.006281796062817961,
  "n_pcs": 16,
  "cum_variance_retained": 0.9630725845488868,
  "pc1_variance": 0.2551975011087568,
  "top3_variance": 0.6248864933807354,
  "direct_coverage": {
    "mean": 0.9031435756934096,
    "median": 0.8989795918367347,
    "min": 0.7142857142857143,
    "max": 1.0
  },
  "random_coverage": {
    "mean": 0.6677189010463512,
    "median": 0.6130536130536131,
    "min": 0.42,
    "max": 0.96
  },
  "selected_diversity_mean_pairwise": 0.5979900979180255,
  "selected_novelty_to_train_mean_nn": 0.4745964573203832,
  "export_sampled_systems": 113,
  "export_sampled_frames": 142,
  "export_other_systems": 1092,
  "export_other_frames": 67859,
  "export_total_frames": 68001
}